Date,Views,Clones
2026-01-01,9,0
2026-01-02,0,0
2026-01-03,0,2
2026-01-04,2,0
2026-01-05,3,8
2026-01-06,3,8
2026-01-07,8,3
2026-01-08,122,67
2026-01-09,0,6
2026-01-11,0,6
2026-01-12,127,75
2026-01-13,0,3
2026-01-14,22,8
2026-01-15,10,4
2026-01-16,25,1
2026-01-17,6,2
2026-01-18,4,1
2026-01-19,0,1
2026-01-20,2,2
2026-01-21,6,1
2026-01-22,18,4
2026-01-23,1,1
2026-01-24,9,2
2026-01-25,1,1
2026-01-26,6,2
2026-01-27,13,1
2026-01-28,14,3
2026-01-29,2,2
2026-01-30,2,2
2026-01-31,0,2
2026-02-01,0,1
2026-02-02,0,1
2026-02-03,1,2
2026-02-04,1,1
2026-02-05,2,1
2026-02-06,4,2
2026-02-07,6,1
2026-02-08,3,1
2026-02-09,1,1
2026-02-10,3,2
2026-02-11,2,1
2026-02-12,3,1
2026-02-13,0,1
2026-02-14,1,4
2026-02-15,5,1
2026-02-16,0,1
2026-02-17,0,1
2026-02-18,0,1
2026-02-19,3,1
2026-02-20,1,1
2026-02-21,1,1
